,Nombre_archivo,Namespace,begin_line,end_line,yield_line,Unnamed: 5
0,aws-data-wrangler\awswrangler\athena\__init__.py,None,None,None,None,
1,aws-data-wrangler\awswrangler\athena\_read.py,_fix_csv_types_generator',47,52,52,
2,aws-data-wrangler\awswrangler\athena\_read.py,_add_query_metadata_generator',55,61,61,
3,aws-data-wrangler\awswrangler\athena\_read.py,_delete_after_iterate',74,79,78,
4,aws-data-wrangler\awswrangler\athena\_utils.py,None,None,None,None, 
5,aws-data-wrangler\awswrangler\catalog\__init__.py,None,None,None,None, 
6,aws-data-wrangler\awswrangler\catalog\_add.py,None,None,None,None,
7,aws-data-wrangler\awswrangler\catalog\_create.py,None,None,None,None,
8,aws-data-wrangler\awswrangler\catalog\_definitions.py,None,None,None,None,
9,aws-data-wrangler\awswrangler\catalog\_delete.py,None,None,None,None, 
10,aws-data-wrangler\awswrangler\catalog\_get.py,get_databases',134,163,163, 
11,aws-data-wrangler\awswrangler\catalog\_get.py,get_tables',203,276,274,
12,aws-data-wrangler\awswrangler\catalog\_get.py,search_tables',361,398,"393,398",
13,aws-data-wrangler\awswrangler\catalog\_utils.py,None,None,None,None, 
14,aws-data-wrangler\awswrangler\dynamodb\__init__.py,None,None,None,None,
15,aws-data-wrangler\awswrangler\dynamodb\_delete.py,None,None,None,None,
16,aws-data-wrangler\awswrangler\dynamodb\_utils.py,None,None,None,None,
17,aws-data-wrangler\awswrangler\dynamodb\_write.py,None,None,None,None,
18,aws-data-wrangler\awswrangler\quicksight\__init__.py,None,None,None,None,
19,aws-data-wrangler\awswrangler\quicksight\_cancel.py,None,None,None,None,
20,aws-data-wrangler\awswrangler\quicksight\_create.py,None,None,None,None,
21,aws-data-wrangler\awswrangler\quicksight\_delete.py,None,None,None,None,
22,aws-data-wrangler\awswrangler\quicksight\_describe.py,None,None,None,None,
23,aws-data-wrangler\awswrangler\quicksight\_get_list.py,None,None,None,None,
24,aws-data-wrangler\awswrangler\quicksight\_utils.py,None,None,None,None,
25,aws-data-wrangler\awswrangler\s3\__init__.py,None,None,None,None,
26,aws-data-wrangler\awswrangler\s3\_copy.py,None,None,None,None,
27,aws-data-wrangler\awswrangler\s3\_delete.py,None,None,None,None,
28,aws-data-wrangler\awswrangler\s3\_describe.py,None,None,None,None,
29,aws-data-wrangler\awswrangler\s3\_download.py,None,None,None,None,
30,aws-data-wrangler\awswrangler\s3\_fs.py,open_s3_object',562,601,"587,596",
31,aws-data-wrangler\awswrangler\s3\_list.py,None,None,None,None,
32,aws-data-wrangler\awswrangler\s3\_merge_upsert_table.py,None,None,None,None,
33,aws-data-wrangler\awswrangler\s3\_read_excel.py,None,None,None,None,
34,aws-data-wrangler\awswrangler\s3\_read_parquet.py,_read_parquet_chunked',273,345,"331,336,345",
35,aws-data-wrangler\awswrangler\s3\_read_text.py,_read_text_chunked',36,62,62,
36,aws-data-wrangler\awswrangler\s3\_read.py,None,None,None,None,
37,aws-data-wrangler\awswrangler\s3\_upload.py,None,None,None,None,
38,aws-data-wrangler\awswrangler\s3\_wait.py,None,None,None,None,
39,aws-data-wrangler\awswrangler\s3\_write_concurrent.py,None,None,None,None,
40,aws-data-wrangler\awswrangler\s3\_write_dataset.py,None,None,None,None,
41,aws-data-wrangler\awswrangler\s3\_write_excel.py,None,None,None,None,
42,aws-data-wrangler\awswrangler\s3\_write_parquet.py,_new_writer',56,85,82,
43,aws-data-wrangler\awswrangler\s3\_write_text.py,None,None,None,None,
44,aws-data-wrangler\awswrangler\s3\_write.py,None,None,None,None,
45,aws-data-wrangler\awswrangler\__init__.py,None,None,None,None,
46,aws-data-wrangler\awswrangler\__metadata__.py,None,None,None,None,
47,aws-data-wrangler\awswrangler\_config.py,None,None,None,None,
48,aws-data-wrangler\awswrangler\_data_types.py,_split_fields',229,240,"238, 240",
49,aws-data-wrangler\awswrangler\_databases.py,_iterate_results',150,165,165,
50,aws-data-wrangler\awswrangler\_utils.py,empty_generator',209,211,211,
51,aws-data-wrangler\awswrangler\chime.py,None,None,None,None,
52,aws-data-wrangler\awswrangler\cloudwatch.py,None,None,None,None,
53,aws-data-wrangler\awswrangler\emr.py,None,None,None,None,
54,aws-data-wrangler\awswrangler\exceptions.py,None,None,None,None,
55,aws-data-wrangler\awswrangler\mysql.py,None,None,None,None,
56,aws-data-wrangler\awswrangler\postgresql.py,None,None,None,None,
57,aws-data-wrangler\awswrangler\redshift.py,_read_parquet_iterator',287,307,305,
58,aws-data-wrangler\awswrangler\secretsmanager.py,None,None,None,None,
59,aws-data-wrangler\awswrangler\sqlserver.py,None,None,None,None,
60,aws-data-wrangler\awswrangler\sts.py,None,None,None,None,
61,aws-data-wrangler\awswrangler\timestream.py,None,None,None,None,
62,aws-data-wrangler\tests\__init__.py,None,None,None,None,
63,aws-data-wrangler\tests\_utils.py,path_generator',516,523,521,
64,aws-data-wrangler\tests\conftest.py,loggroup',42,62,62,
65,aws-data-wrangler\tests\conftest.py,glue_table',174,180,178,
66,aws-data-wrangler\tests\conftest.py,glue_table2',184,189,188,
67,aws-data-wrangler\tests\conftest.py,path',192,194,194,
68,aws-data-wrangler\tests\conftest.py,path2',197,199,199,
69,aws-data-wrangler\tests\conftest.py,path3',202,204,204,
70,aws-data-wrangler\tests\conftest.py,redshift_table',207,216,211,
71,aws-data-wrangler\tests\conftest.py,postgresql_table',220,228,223,
72,aws-data-wrangler\tests\conftest.py,mysql_table',232,240,235,
73,aws-data-wrangler\tests\conftest.py,timestream_database_and_table',256,263,261,
74,aws-data-wrangler\tests\test__routines.py,None,None,None,None,
75,aws-data-wrangler\tests\test_athena_cache.py,None,None,None,None,
76,aws-data-wrangler\tests\test_athena_csv.py,None,None,None,None,
77,aws-data-wrangler\tests\test_athena_parquet.py,None,None,None,None,
78,aws-data-wrangler\tests\test_athena_projection.py,None,None,None,None,
79,aws-data-wrangler\tests\test_athena.py,None,None,None,None,
80,aws-data-wrangler\tests\test_chime.py,None,None,None,None,
81,aws-data-wrangler\tests\test_cloudwatch.py,None,None,None,None,
82,aws-data-wrangler\tests\test_config.py,None,None,None,None,
83,aws-data-wrangler\tests\test_emr.py,None,None,None,None,
84,aws-data-wrangler\tests\test_fs.py,None,None,None,None,
85,aws-data-wrangler\tests\test_glue.py,None,None,None,None,
86,aws-data-wrangler\tests\test_metadata.py,None,None,None,None,
87,aws-data-wrangler\tests\test_moto.py,moto_emr',22,24,24,
88,aws-data-wrangler\tests\test_moto.py,moto_sts',28,30,30,
89,aws-data-wrangler\tests\test_moto.py,moto_subnet',34,39,39,
90,aws-data-wrangler\tests\test_moto.py,moto_s3',43,47,47,
91,aws-data-wrangler\tests\test_moto.py,moto_glue',51,56,56,
92,aws-data-wrangler\tests\test_moto.py,moto_dynamodb',60,68,68,
93,aws-data-wrangler\tests\test_mysql.py,None,None,None,None,
94,aws-data-wrangler\tests\test_postgresql.py,None,None,None,None,
95,aws-data-wrangler\tests\test_quicksight.py,None,None,None,None,
96,aws-data-wrangler\tests\test_redshift.py,None,None,None,None,
97,aws-data-wrangler\tests\test_s3_excel.py,None,None,None,None,
98,aws-data-wrangler\tests\test_s3_merge_upsert.py,None,None,None,None,
99,aws-data-wrangler\tests\test_s3_parquet.py,None,None,None,None,
100,aws-data-wrangler\tests\test_s3_text_compressed.py,None,None,None,None,
101,aws-data-wrangler\tests\test_s3_text.py,None,None,None,None,
102,aws-data-wrangler\tests\test_s3.py,None,None,None,None,
103,aws-data-wrangler\tests\test_session.py,None,None,None,None,
104,aws-data-wrangler\tests\test_sqlserver.py,create_sql_server_database',17,36,36,
105,aws-data-wrangler\tests\test_sqlserver.py,sqlserver_con',40,43,42,
106,aws-data-wrangler\tests\test_timestream.py,None,None,None,None,
107,aws-data-wrangler\tests\test_utils.py,None,None,None,None,
108,aws-data-wrangler\setup.py,None,None,None,None,
0,coala\.misc\adjust_version_number.py,None,None,None,None,
1,coala\.misc\check_setuptools.py,None,None,None,None,
2,coala\.misc\store_env_in_registry.py,None,None,None,None,
3,coala\coalib\bearlib\abstractions\__init__.py,None,None,None,None,
4,coala\coalib\bearlib\abstractions\ExternalBearWrap.py,parse_output,147,176,170, 
5,coala\coalib\bearlib\abstractions\Linter.py,process_diff,353,387,382, 
6,coala\coalib\bearlib\abstractions\Linter.py,process_output_regex,463,527,525,
7,coala\coalib\bearlib\abstractions\Linter.py,process_output,578,602,601,
8,coala\coalib\bearlib\abstractions\Linter.py,_create_config,606,630,"624, 630",
9,coala\coalib\bearlib\abstractions\LinterClass.py,None,None,None,None, 
10,coala\coalib\bearlib\abstractions\SectionCreatable.py,None,None,None,None, 
11,coala\coalib\bearlib\aspects\__init__.py,None,None,None,None,
12,coala\coalib\bearlib\aspects\base.py,None,None,None,None,
13,coala\coalib\bearlib\aspects\collections.py,None,None,None,None, 
14,coala\coalib\bearlib\aspects\decorators.py,None,None,None,None,
15,coala\coalib\bearlib\aspects\docs.py,None,None,None,None,
16,coala\coalib\bearlib\aspects\exceptions.py,None,None,None,None,
17,coala\coalib\bearlib\aspects\Formatting.py,None,None,None,None,
18,coala\coalib\bearlib\aspects\meta.py,None,None,None,None,
19,coala\coalib\bearlib\aspects\Metadata.py,None,None,None,None,
20,coala\coalib\bearlib\aspects\Redundancy.py,None,None,None,None,
21,coala\coalib\bearlib\aspects\root.py,None,None,None,None,
22,coala\coalib\bearlib\aspects\Security.py,None,None,None,None,
23,coala\coalib\bearlib\aspects\Smell.py,None,None,None,None,
24,coala\coalib\bearlib\aspects\Spelling.py,None,None,None,None,
25,coala\coalib\bearlib\aspects\taste.py,None,None,None,None,
26,coala\coalib\bearlib\languages\definitions\__init__.py,None,None,None,None,
27,coala\coalib\bearlib\languages\definitions\antlr.py,None,None,None,None,
28,coala\coalib\bearlib\languages\definitions\Bash.py,None,None,None,None,
29,coala\coalib\bearlib\languages\definitions\C.py,None,None,None,None,
30,coala\coalib\bearlib\languages\definitions\CPP.py,None,None,None,None,
31,coala\coalib\bearlib\languages\definitions\CSharp.py,None,None,None,None,
32,coala\coalib\bearlib\languages\definitions\CSS.py,None,None,None,None,
33,coala\coalib\bearlib\languages\definitions\D.py,None,None,None,None,
34,coala\coalib\bearlib\languages\definitions\Dart.py,None,None,None,None,
35,coala\coalib\bearlib\languages\definitions\DOT.py,None,None,None,None,
36,coala\coalib\bearlib\languages\definitions\Fortran.py,None,None,None,None,
37,coala\coalib\bearlib\languages\definitions\Golang.py,None,None,None,None,
38,coala\coalib\bearlib\languages\definitions\GraphQL.py,None,None,None,None,
39,coala\coalib\bearlib\languages\definitions\Haskell.py,None,None,None,None,
40,coala\coalib\bearlib\languages\definitions\html.py,None,None,None,None,
41,coala\coalib\bearlib\languages\definitions\Java.py,None,None,None,None,
42,coala\coalib\bearlib\languages\definitions\JavaScript.py,None,None,None,None,
43,coala\coalib\bearlib\languages\definitions\Jinja2.py,None,None,None,None,
44,coala\coalib\bearlib\languages\definitions\JSON.py,None,None,None,None,
45,coala\coalib\bearlib\languages\definitions\JSP.py,None,None,None,None,
46,coala\coalib\bearlib\languages\definitions\KornShell.py,None,None,None,None,
47,coala\coalib\bearlib\languages\definitions\m4.py,None,None,None,None,
48,coala\coalib\bearlib\languages\definitions\Markdown.py,None,None,None,None,
49,coala\coalib\bearlib\languages\definitions\Matlab.py,None,None,None,None,
50,coala\coalib\bearlib\languages\definitions\ObjectiveC.py,None,None,None,None,
51,coala\coalib\bearlib\languages\definitions\PHP.py,None,None,None,None,
52,coala\coalib\bearlib\languages\definitions\PLSQL.py,None,None,None,None,
53,coala\coalib\bearlib\languages\definitions\PowerShell.py,None,None,None,None,
54,coala\coalib\bearlib\languages\definitions\Python.py,None,None,None,None,
55,coala\coalib\bearlib\languages\definitions\Ruby.py,None,None,None,None,
56,coala\coalib\bearlib\languages\definitions\Scala.py,None,None,None,None,
57,coala\coalib\bearlib\languages\definitions\SCSS.py,None,None,None,None,
58,coala\coalib\bearlib\languages\definitions\Shell.py,None,None,None,None,
59,coala\coalib\bearlib\languages\definitions\Swift.py,None,None,None,None,
60,coala\coalib\bearlib\languages\definitions\Tcl.py,None,None,None,None,
61,coala\coalib\bearlib\languages\definitions\Text.py,None,None,None,None,
62,coala\coalib\bearlib\languages\definitions\TinyBasic.py,None,None,None,None,
63,coala\coalib\bearlib\languages\definitions\TypeScript.py,None,None,None,None,
64,coala\coalib\bearlib\languages\definitions\Unknown.py,None,None,None,None,
65,coala\coalib\bearlib\languages\definitions\Vala.py,None,None,None,None,
66,coala\coalib\bearlib\languages\definitions\Verilog.py,None,None,None,None,
67,coala\coalib\bearlib\languages\definitions\VisualBasic.py,None,None,None,None,
68,coala\coalib\bearlib\languages\definitions\XML.py,None,None,None,None,
69,coala\coalib\bearlib\languages\definitions\ZShell.py,None,None,None,None,
70,coala\coalib\bearlib\languages\documentation\__init__.py,None,None,None,None,
71,coala\coalib\bearlib\languages\documentation\DocBaseClass.py,None,None,None,None,
72,coala\coalib\bearlib\languages\documentation\DocstyleDefinition.py,get_available_definitions,304,319,319,
73,coala\coalib\bearlib\languages\documentation\DocumentationComment.py,None,None,None,None,
74,coala\coalib\bearlib\languages\documentation\DocumentationExtraction.py,extract_documentation_with_markers,225,341,"270, 342",
75,coala\coalib\bearlib\languages\__init__.py,None,None,None,None,
76,coala\coalib\bearlib\languages\Language.py,None,None,None,None,
77,coala\coalib\bearlib\languages\LanguageDefinition.py,None,None,None,None,
78,coala\coalib\bearlib\naming_conventions\__init__.py,None,None,None,None,
79,coala\coalib\bearlib\spacing\__init__.py,None,None,None,None,
80,coala\coalib\bearlib\spacing\SpacingHelper.py,yield_tab_lengths,60,75,71,
81,coala\coalib\bearlib\__init__.py,None,None,None,None,
82,coala\coalib\bears\__init__.py,None,None,None,None,
83,coala\coalib\bears\BEAR_KIND.py,None,None,None,None,
84,coala\coalib\bears\Bear.py,None,None,None,None,
85,coala\coalib\bears\GlobalBear.py,None,None,None,None,
86,coala\coalib\bears\LocalBear.py,None,None,None,None,
87,coala\coalib\bears\meta.py,None,None,None,None,
88,coala\coalib\collecting\__init__.py,None,None,None,None,
89,coala\coalib\collecting\Collectors.py,_import_bears,27,40,"34, 40",
90,coala\coalib\collecting\Collectors.py,icollect,58,89,89,
91,coala\coalib\collecting\Collectors.py,icollect_bears,182,225,206,
92,coala\coalib\collecting\Dependencies.py,None,None,None,None,
93,coala\coalib\collecting\Importers.py,_iimport_objects,100,126,126,
94,coala\coalib\collecting\Importers.py,iimport_objects,129,160,159,
95,coala\coalib\core\__init__.py,None,None,None,None,
96,coala\coalib\core\Bear.py,None,None,None,None,
97,coala\coalib\core\CircularDependencyError.py,None,None,None,None,
98,coala\coalib\core\Core.py,None,None,None,None,
99,coala\coalib\core\DependencyBear.py,None,None,None,None,
100,coala\coalib\core\DependencyTracker.py,None,None,None,None,
101,coala\coalib\core\FileBear.py,None,None,None,None,
102,coala\coalib\core\Graphs.py,None,None,None,None,
103,coala\coalib\core\PersistentHash.py,None,None,None,None,
104,coala\coalib\core\ProjectBear.py,None,None,None,None,
105,coala\coalib\io\__init__.py,None,None,None,None,
106,coala\coalib\io\Directory.py,None,None,None,None,
107,coala\coalib\io\File.py,None,None,None,None,
108,coala\coalib\io\FileProxy.py,None,None,None,None,
109,coala\coalib\misc\__init__.py,None,None,None,None,
110,coala\coalib\misc\Asyncio.py,None,None,None,None,
111,coala\coalib\misc\BuildManPage.py,None,None,None,None,
112,coala\coalib\misc\Caching.py,None,None,None,None,
113,coala\coalib\misc\CachingUtilities.py,None,None,None,None,
114,coala\coalib\misc\Compatibility.py,None,None,None,None,
115,coala\coalib\misc\Constants.py,None,None,None,None,
116,coala\coalib\misc\DeprecationUtilities.py,None,None,None,None,
117,coala\coalib\misc\DictUtilities.py,None,None,None,None,
118,coala\coalib\misc\Enum.py,None,None,None,None,
119,coala\coalib\misc\Exceptions.py,None,None,None,None,
120,coala\coalib\misc\IterUtilities.py,None,None,None,None,
121,coala\coalib\misc\Shell.py,run_interactive_shell_command,51,124,115,
122,coala\coalib\output\printers\__init__.py,None,None,None,None,
123,coala\coalib\output\printers\ListLogPrinter.py,None,None,None,None,
124,coala\coalib\output\printers\LOG_LEVEL.py,None,None,None,None,
125,coala\coalib\output\printers\LogPrinter.py,None,None,None,None,
126,coala\coalib\output\__init__.py,None,None,None,None,
127,coala\coalib\output\ConfWriter.py,None,None,None,None,
128,coala\coalib\output\ConsoleInteraction.py,None,None,None,None,
129,coala\coalib\output\Interactions.py,None,None,None,None,
130,coala\coalib\output\JSONEncoder.py,None,None,None,None,
131,coala\coalib\output\Logging.py,None,None,None,None,
132,coala\coalib\parsing\filters\__init__.py,None,None,None,None,
133,coala\coalib\parsing\filters\CanDetectFilter.py,None,None,None,None,
134,coala\coalib\parsing\filters\CanFixFilter.py,None,None,None,None,
135,coala\coalib\parsing\filters\decorators.py,None,None,None,None,
136,coala\coalib\parsing\filters\LanguageFilter.py,None,None,None,None,
137,coala\coalib\parsing\filters\SectionTagsFilter.py,None,None,None,None,
138,coala\coalib\parsing\__init__.py,None,None,None,None,
139,coala\coalib\parsing\CliParsing.py,None,None,None,None,
140,coala\coalib\parsing\ConfParser.py,None,None,None,None,
141,coala\coalib\parsing\DefaultArgParser.py,None,None,None,None,
142,coala\coalib\parsing\FilterHelper.py,None,None,None,None,
143,coala\coalib\parsing\Globbing.py,_iter_choices,110,125,124,
144,coala\coalib\parsing\Globbing.py,_iter_alternatives,129,151,"141, 151",
145,coala\coalib\parsing\Globbing.py,_absolute_flat_glob,240,256,"251,255",
146,coala\coalib\parsing\Globbing.py,_iter_relative_dirs,259,277,"274,277",
147,coala\coalib\parsing\Globbing.py,relative_recursive_glob,319,333,"331,333",
148,coala\coalib\parsing\Globbing.py,_iglob,350,378,"354,366,378",
149,coala\coalib\parsing\Globbing.py,iglob,382,399,"396,399",
150,coala\coalib\parsing\InvalidFilterException.py,None,None,None,None,
151,coala\coalib\parsing\LineParser.py,None,None,None,None,
152,coala\coalib\processes\communication\__init__.py,None,None,None,None,
153,coala\coalib\processes\communication\LogMessage.py,None,None,None,None,
154,coala\coalib\processes\__init__.py,None,None,None,None,
155,coala\coalib\processes\BearRunning.py,None,None,None,None,
156,coala\coalib\processes\CONTROL_ELEMENT.py,None,None,None,None,
157,coala\coalib\processes\DebugProcessing.py,None,None,None,None,
158,coala\coalib\processes\LogPrinterThread.py,None,None,None,None,
159,coala\coalib\processes\Processing.py,yield_ignore_ranges,487,540,"515,527,535",
160,coala\coalib\results\result_actions\__init__.py,None,None,None,None,
161,coala\coalib\results\result_actions\ApplyPatchAction.py,None,None,None,None,
162,coala\coalib\results\result_actions\DoNothingAction.py,None,None,None,None,
163,coala\coalib\results\result_actions\GeneratePatchesAction.py,None,None,None,None,
164,coala\coalib\results\result_actions\IgnoreResultAction.py,None,None,None,None,
165,coala\coalib\results\result_actions\OpenEditorAction.py,None,None,None,None,
166,coala\coalib\results\result_actions\PrintAspectAction.py,None,None,None,None,
167,coala\coalib\results\result_actions\PrintDebugMessageAction.py,None,None,None,None,
168,coala\coalib\results\result_actions\PrintMoreInfoAction.py,None,None,None,None,
169,coala\coalib\results\result_actions\ResultAction.py,None,None,None,None,
170,coala\coalib\results\result_actions\ShowAppliedPatchesAction.py,None,None,None,None,
171,coala\coalib\results\result_actions\ShowPatchAction.py,None,None,None,None,
172,coala\coalib\results\__init__.py,None,None,None,None,
173,coala\coalib\results\AbsolutePosition.py,None,None,None,None,
174,coala\coalib\results\Diff.py,split_diff,305,359,"349,359",
175,coala\coalib\results\HiddenResult.py,None,None,None,None,
176,coala\coalib\results\LineDiff.py,None,None,None,None,
177,coala\coalib\results\RESULT_SEVERITY.py,None,None,None,None,
178,coala\coalib\results\Result.py,None,None,None,None,
179,coala\coalib\results\ResultFilter.py,None,None,None,None,
180,coala\coalib\results\SourcePosition.py,None,None,None,None,
181,coala\coalib\results\SourceRange.py,None,None,None,None,
182,coala\coalib\results\TextPosition.py,None,None,None,None,
183,coala\coalib\results\TextRange.py,None,None,None,None,
184,coala\coalib\settings\__init__.py,None,None,None,None,
185,coala\coalib\settings\Annotations.py,None,None,None,None,
186,coala\coalib\settings\ConfigurationGathering.py,None,None,None,None,
187,coala\coalib\settings\DocstringMetadata.py,None,None,None,None,
188,coala\coalib\settings\FunctionMetadata.py,None,None,None,None,
189,coala\coalib\settings\Section.py,None,None,None,None,
190,coala\coalib\settings\SectionFilling.py,None,None,None,None,
191,coala\coalib\settings\Setting.py,None,None,None,None,
192,coala\coalib\testing\__init__.py,None,None,None,None,
193,coala\coalib\testing\BaseTestHelper.py,None,None,None,None,
194,coala\coalib\testing\BearTestHelper.py,None,None,None,None,
195,coala\coalib\testing\LocalBearTestHelper.py,execute_bear,17,68,62,
196,coala\coalib\__init__.py,None,None,None,None,
197,coala\coalib\coala_ci.py,None,None,None,None,
198,coala\coalib\coala_delete_orig.py,None,None,None,None,
199,coala\coalib\coala_format.py,None,None,None,None,
200,coala\coalib\coala_json.py,None,None,None,None,
201,coala\coalib\coala_main.py,None,None,None,None,
202,coala\coalib\coala_modes.py,None,None,None,None,
203,coala\coalib\coala.py,None,None,None,None,
204,coala\docs\conf.py,None,None,None,None,
205,coala\tests\bearlib\abstractions\external_bear_wrap_testfiles\ExternalBearWrapTest.py,None,None,None,None,
206,coala\tests\bearlib\abstractions\external_bear_wrap_testfiles\test_external_bear.py,None,None,None,None,
207,coala\tests\bearlib\abstractions\linter_test_files\test_linter.py,None,None,None,None,
208,coala\tests\bearlib\abstractions\__init__.py,None,None,None,None,
209,coala\tests\bearlib\abstractions\LinterTest.py,None,None,None,None,
210,coala\tests\bearlib\abstractions\SectionCreatableTest.py,None,None,None,None,
211,coala\tests\bearlib\aspects\__init__.py,None,None,None,None,
212,coala\tests\bearlib\aspects\aspectsDocsTest.py,None,None,None,None,
213,coala\tests\bearlib\aspects\BaseTest.py,None,None,None,None,
214,coala\tests\bearlib\aspects\ClassTest.py,None,None,None,None,
215,coala\tests\bearlib\aspects\CollectionsTest.py,None,None,None,None,
216,coala\tests\bearlib\aspects\conftest.py,None,None,None,None,
217,coala\tests\bearlib\aspects\DecoratorsTest.py,None,None,None,None,
218,coala\tests\bearlib\aspects\ExceptionsTest.py,None,None,None,None,
219,coala\tests\bearlib\aspects\InstanceTest.py,None,None,None,None,
220,coala\tests\bearlib\aspects\ModuleTest.py,None,None,None,None,
221,coala\tests\bearlib\aspects\RootTest.py,None,None,None,None,
222,coala\tests\bearlib\aspects\SubTest.py,None,None,None,None,
223,coala\tests\bearlib\aspects\TasteTest.py,None,None,None,None,
224,coala\tests\bearlib\languages\documentation\documentation_extraction_testdata\data.py,None,None,None,None,
225,coala\tests\bearlib\languages\documentation\documentation_extraction_testdata\default.py,None,None,None,None,
226,coala\tests\bearlib\languages\documentation\documentation_extraction_testdata\doxygen.py,None,None,None,None,
227,coala\tests\bearlib\languages\documentation\DocBaseClassTest.py,None,None,None,None,
228,coala\tests\bearlib\languages\documentation\DocstyleDefinitionTest.py,None,None,None,None,
229,coala\tests\bearlib\languages\documentation\DocumentationCommentTest.py,None,None,None,None,
230,coala\tests\bearlib\languages\documentation\TestUtils.py,None,None,None,None,
231,coala\tests\bearlib\languages\__init__.py,None,None,None,None,
232,coala\tests\bearlib\languages\LanguageDefinitionTest.py,None,None,None,None,
233,coala\tests\bearlib\languages\LanguageTest.py,None,None,None,None,
234,coala\tests\bearlib\parsing\__init__.py,None,None,None,None,
235,coala\tests\bearlib\spacing\__init__.py,None,None,None,None,
236,coala\tests\bearlib\spacing\SpacingHelperTest.py,None,None,None,None,
237,coala\tests\bearlib\__init__.py,None,None,None,None,
238,coala\tests\bearlib\DeprecateSettingsTest.py,None,None,None,None,
239,coala\tests\bearlib\__init__.py,None,None,None,None,
240,coala\tests\bearlib\DeprecateSettingsTest.py,None,None,None,None,
241,coala\tests\bears\__init__.py,None,None,None,None,
242,coala\tests\bears\BearTest.py,run,74,76,"76,76",
243,coala\tests\bears\BearTest.py,run,81,84,"82,83,84",
244,coala\tests\bears\BearTest.py,run,147,156,"154,155,156",
245,coala\tests\bears\BearTest.py,run,163,170,"169, 170",
246,coala\tests\bears\BearTest.py,run,201,202,202,
247,coala\tests\bears\DebugBearsTest.py,func1,13,16,"14,15,16",
248,coala\tests\core\BearTest.py,analyze,35,45,"43,44,45",
249,coala\tests\core\BearTest.py,analyze,51,59,"58,59",
250,coala\tests\core\CoreTest.py,analyze,120,122,"121,122",
251,coala\tests\core\DependencyBearTest.py,analyze,14,16,15,
252,coala\tests\core\DependencyBearTest.py,analyze,21,22,22,
253,coala\tests\core\DependencyBearTest.py,analyze,28,29,29,
254,coala\tests\core\DependencyBearTest.py,analyze,35,36,36,
255,coala\tests\core\DependencyBearTest.py,analyze,42,44,43,
256,coala\tests\core\FileBearTest.py,analyze,12,13,13,
257,coala\tests\core\FileBearTest.py,analyze,18,20,20,
258,coala\tests\core\ProjectBearTest.py,analyze,12,14,13,
259,coala\tests\core\ProjectBearTest.py,analyze,19,21,20,
260,coala\tests\test_bears\internal_folder\SpaceConsistencyTestBear.py,run,9,73,66,
261,coala\tests\test_bears\AspectsGeneralTestBear.py,run,30,43,38,
262,coala\tests\test_bears\AspectTestBear.py,run,19,31,25,
263,coala\tests\test_bears\LineCountTestBear.py,run,10,18,14,
264,coala\tests\test_bears\TestBear.py,run,6,17,"10,11,14",
265,coala\tests\test_bears\TestBearDep.py,run,6,7,7,
266,coala\tests\test_bears\TestBearDep.py,run,12,13,13,
267,coala\tests\test_bears\TestBearDep.py,run,20,23,23,
268,coala\tests\test_bears\TestBearDep.py,run,30,33,33,
269,coala\tests\test_bears\TestBearDep.py,run,40,43,43,
270,coala\tests\TestUtilities.py,EntryPoint,136,146,146,
0,EasyOCR\easyocr\model\__init__.py,None,None,None,None,
1,EasyOCR\easyocr\model\model.py,None,None,None,None,
2,EasyOCR\easyocr\model\modules.py,None,None,None,None,
3,EasyOCR\easyocr\model\vgg_model.py,None,None,None,None,
4,EasyOCR\easyocr\__init__.py,None,None,None,None, 
5,EasyOCR\easyocr\cli.py,None,None,None,None, 
6,EasyOCR\easyocr\config.py,None,None,None,None,
7,EasyOCR\easyocr\craft_utils.py,None,None,None,None,
8,EasyOCR\easyocr\craft.py,None,None,None,None,
9,EasyOCR\easyocr\detection.py,None,None,None,None, 
10,EasyOCR\easyocr\easyocr.py,None,None,None,None, 
11,EasyOCR\easyocr\imgproc.py,None,None,None,None,
12,EasyOCR\easyocr\recognition.py,None,None,None,None,
13,EasyOCR\easyocr\utils.py,None,None,None,None, 
14,EasyOCR\setup.py,None,None,None,None,
0,faceswap\_travis\simple_tests.py,None,None,None,None,
1,faceswap\docs\conf.py,None,None,None,None,
2,faceswap\lib\align\__init__.py,None,None,None,None, 
3,faceswap\lib\align\aligned_face.py,None,None,None,None,
4,faceswap\lib\align\alignments.py,"Alignments', yield_faces'",561,586,586, 
5,faceswap\lib\align\detected_face.py,None,None,None,None, 
6,faceswap\lib\cli\__init__.py,None,None,None,None,
7,faceswap\lib\cli\actions.py,None,None,None,None,
8,faceswap\lib\cli\args.py,None,None,None,None,
9,faceswap\lib\cli\launcher.py,None,None,None,None, 
10,faceswap\lib\gui\__init__.py,None,None,None,None, 
11,faceswap\lib\gui\_config.py,None,None,None,None,
12,faceswap\lib\gui\command.py,None,None,None,None,
13,faceswap\lib\gui\control_helper.py,None,None,None,None, 
14,faceswap\lib\gui\custom_widgets.py,None,None,None,None,
15,faceswap\lib\gui\display_analysis.py,None,None,None,None,
16,faceswap\lib\gui\display_command.py,None,None,None,None,
17,faceswap\lib\gui\display_graph.py,None,None,None,None,
18,faceswap\lib\gui\display_page.py,"DisplayPage', 'subnotebook_get_widgets'",139,145,145,
19,faceswap\lib\gui\display.py,None,None,None,None,
20,faceswap\lib\gui\menu.py,None,None,None,None,
21,faceswap\lib\gui\options.py,"CliOptions', 'gen_command_options'",213,218,218,
22,faceswap\lib\gui\options.py,"CliOptions', 'gen_cli_arguments'",277,297,"287,297",
23,faceswap\lib\gui\popup_configure.py,None,None,None,None,
24,faceswap\lib\gui\popup_session.py,None,None,None,None,
25,faceswap\lib\gui\project.py,None,None,None,None,
26,faceswap\lib\gui\stats.py,"TensorBoardLogs', '_get_latest_live'",377,399,389,
27,faceswap\lib\gui\utils.py,None,None,None,None,
28,faceswap\lib\gui\wrapper.py,None,None,None,None,
29,faceswap\lib\model\__init__.py,None,None,None,None,
30,faceswap\lib\model\backup_restore.py,None,None,None,None,
31,faceswap\lib\model\initializers.py,None,None,None,None,
32,faceswap\lib\model\layers.py,None,None,None,None,
33,faceswap\lib\model\losses_plaid.py,None,None,None,None,
34,faceswap\lib\model\losses_tf.py,None,None,None,None,
35,faceswap\lib\model\nn_blocks.py,None,None,None,None,
36,faceswap\lib\model\normalization.py,None,None,None,None,
37,faceswap\lib\model\session.py,None,None,None,None,
38,faceswap\lib\__init__.py,None,None,None,None,
39,faceswap\lib\config.py,None,None,None,None,
40,faceswap\lib\convert.py,None,None,None,None,
41,faceswap\lib\face_filter.py,None,None,None,None,
42,faceswap\lib\gpu_stats.py,None,None,None,None,
43,faceswap\lib\image.py,read_image_hash_batch',370,413,413,
44,faceswap\lib\image.py,"ImagesLoader', '_from_video'",909,930,929,
45,faceswap\lib\image.py,"ImagesLoader', '_from_folder'",951,971,971,
46,faceswap\lib\image.py,"ImagesLoader', 'load'",973,1004,1002,
47,faceswap\lib\image.py,"FaceLoader', '_from_folder'",1023,1047,1047,
48,faceswap\lib\keypress.py,None,None,None,None,
49,faceswap\lib\logger.py,None,None,None,None,
50,faceswap\lib\multithreading.py,"BackgroundGenerator', 'iterator'",152,160,160,
51,faceswap\lib\plaidml_tools.py,None,None,None,None,
52,faceswap\lib\plaidml_utils.py,None,None,None,None,
53,faceswap\lib\queue_manager.py,None,None,None,None,
54,faceswap\lib\serializer.py,None,None,None,None,
55,faceswap\lib\sysinfo.py,None,None,None,None,
56,faceswap\lib\training_data.py,"TrainingDataGenerator', '_minibatch'",189,206,206,
57,faceswap\lib\training_data.py,"TrainingDataGenerator', '_minibatch', '_img_iter'",196,201,201,
58,faceswap\lib\utils.py,None,None,None,None,
59,faceswap\lib\vgg_face.py,None,None,None,None,
60,faceswap\plugins\convert\color\__init__.py,None,None,None,None,
61,faceswap\plugins\convert\color\_base.py,None,None,None,None,
62,faceswap\plugins\convert\color\avg_color.py,None,None,None,None,
63,faceswap\plugins\convert\color\color_transfer_defaults.py,None,None,None,None,
64,faceswap\plugins\convert\color\color_transfer.py,None,None,None,None,
65,faceswap\plugins\convert\color\manual_balance_defaults.py,None,None,None,None,
66,faceswap\plugins\convert\color\manual_balance.py,None,None,None,None,
67,faceswap\plugins\convert\color\match_hist_defaults.py,None,None,None,None,
68,faceswap\plugins\convert\color\match_hist.py,None,None,None,None,
69,faceswap\plugins\convert\color\seamless_clone.py,None,None,None,None,
70,faceswap\plugins\convert\mask\__init__.py,None,None,None,None,
71,faceswap\plugins\convert\mask\_base.py,None,None,None,None,
72,faceswap\plugins\convert\mask\box_blend_defaults.py,None,None,None,None,
73,faceswap\plugins\convert\mask\box_blend.py,None,None,None,None,
74,faceswap\plugins\convert\mask\mask_blend_defaults.py,None,None,None,None,
75,faceswap\plugins\convert\mask\mask_blend.py,None,None,None,None,
76,faceswap\plugins\convert\scaling\__init__.py,None,None,None,None,
77,faceswap\plugins\convert\scaling\_base.py,None,None,None,None,
78,faceswap\plugins\convert\scaling\sharpen_defaults.py,None,None,None,None,
79,faceswap\plugins\convert\scaling\sharpen.py,None,None,None,None,
80,faceswap\plugins\convert\writer\__init__.py,None,None,None,None,
81,faceswap\plugins\convert\writer\_base.py,None,None,None,None,
82,faceswap\plugins\convert\writer\ffmpeg_defaults.py,None,None,None,None,
83,faceswap\plugins\convert\writer\ffmpeg.py,None,None,None,None,
84,faceswap\plugins\convert\writer\gif_defaults.py,None,None,None,None,
85,faceswap\plugins\convert\writer\gif.py,None,None,None,None,
86,faceswap\plugins\convert\writer\opencv_defaults.py,None,None,None,None,
87,faceswap\plugins\convert\writer\opencv.py,None,None,None,None,
88,faceswap\plugins\convert\writer\pillow_defaults.py,None,None,None,None,
89,faceswap\plugins\convert\writer\pillow.py,None,None,None,None,
90,faceswap\plugins\convert\__init__.py,None,None,None,None,
91,faceswap\plugins\convert\_config.py,None,None,None,None,
92,faceswap\scripts\__init__.py,None,None,None,None,
93,faceswap\scripts\convert.py,None,None,None,None,
94,faceswap\scripts\extract.py,None,None,None,None,
95,faceswap\scripts\fsmedia.py,"Images', 'load'",237,249,249,
96,faceswap\scripts\fsmedia.py,"Images', '_load_disk_frames'",251,266,266,
97,faceswap\scripts\fsmedia.py,"Images', '_load_video_frames'",268,287,286,
98,faceswap\scripts\gui.py,None,None,None,None,
99,faceswap\scripts\train.py,None,None,None,None,
100,faceswap\tests\lib\model\__init__.py,None,None,None,None,
101,faceswap\tests\lib\model\initializers_test.py,None,None,None,None,
102,faceswap\tests\lib\model\layers_test.py,None,None,None,None,
103,faceswap\tests\lib\model\losses_test.py,None,None,None,None,
104,faceswap\tests\lib\model\nn_blocks_test.py,None,None,None,None,
105,faceswap\tests\lib\model\normalization_test.py,None,None,None,None,
106,faceswap\tests\lib\model\optimizers_test.py,None,None,None,None,
107,faceswap\tests\lib\__init__.py,None,None,None,None,
108,faceswap\tests\__init__.py,None,None,None,None,
109,faceswap\tests\startup_test.py,None,None,None,None,
110,faceswap\tests\utils.py,None,None,None,None,
111,faceswap\tools\alignments\__init__.py,None,None,None,None,
112,faceswap\tools\alignments\alignments.py,None,None,None,None,
113,faceswap\tools\alignments\cli.py,None,None,None,None,
114,faceswap\tools\alignments\jobs.py,"Check', 'get_no_faces'",94,102,102,
115,faceswap\tools\alignments\jobs.py,"Check', 'get_multi_faces'",104,109,109,
116,faceswap\tools\alignments\jobs.py,"Check', 'get_multi_faces_frames'",111,119,119,
117,faceswap\tools\alignments\jobs.py,"Check', 'get_multi_faces_faces'",121,143,143,
118,faceswap\tools\alignments\jobs.py,"Check', 'get_missing_alignments'",145,154,154,
119,faceswap\tools\alignments\jobs.py,"Check', 'get_missing_frames'",156,164,164,
120,faceswap\tools\alignments\jobs.py,"Check', 'get_leftover_faces'",166,173,173,
121,faceswap\tools\alignments\media.py,"AlignmentData', 'stream'",181,202,202,
122,faceswap\tools\alignments\media.py,"Faces', 'process_folder'",216,233,233,
123,faceswap\tools\alignments\media.py,"Frames', 'process_folder'",254,258,258,
124,faceswap\tools\alignments\media.py,"Frames', 'process_frames'",260,273,273,
125,faceswap\tools\alignments\media.py,"Frames', 'process_video'",275,287,287,
126,faceswap\tools\effmpeg\__init__.py,None,None,None,None,
127,faceswap\tools\effmpeg\cli.py,None,None,None,None,
128,faceswap\tools\effmpeg\effmpeg.py,None,None,None,None,
129,faceswap\tools\manual\faceviewer\__init__.py,None,None,None,None,
130,faceswap\tools\manual\faceviewer\frame.py,None,None,None,None,
131,faceswap\tools\manual\faceviewer\viewport.py,None,None,None,None,
132,faceswap\tools\manual\frameviewer\editor\__init__.py,None,None,None,None,
133,faceswap\tools\manual\frameviewer\editor\_base.py,None,None,None,None,
134,faceswap\tools\manual\frameviewer\editor\bounding_box.py,None,None,None,None,
135,faceswap\tools\manual\frameviewer\editor\extract_box.py,None,None,None,None,
136,faceswap\tools\manual\frameviewer\editor\landmarks.py,None,None,None,None,
137,faceswap\tools\manual\frameviewer\editor\mask.py,None,None,None,None,
138,faceswap\tools\manual\frameviewer\__init__.py,None,None,None,None,
139,faceswap\tools\manual\frameviewer\control.py,None,None,None,None,
140,faceswap\tools\manual\frameviewer\frame.py,None,None,None,None,
141,faceswap\tools\manual\__init__.py,None,None,None,None,
142,faceswap\tools\manual\cli.py,None,None,None,None,
143,faceswap\tools\manual\detected_faces.py,None,None,None,None,
144,faceswap\tools\manual\manual.py,None,None,None,None,
145,faceswap\tools\mask\__init__.py,None,None,None,None,
146,faceswap\tools\mask\cli.py,None,None,None,None,
147,faceswap\tools\mask\mask.py,None,None,None,None,
148,faceswap\tools\preview\__init__.py,None,None,None,None,
149,faceswap\tools\preview\cli.py,None,None,None,None,
150,faceswap\tools\preview\preview.py,None,None,None,None,
151,faceswap\tools\restore\__init__.py,None,None,None,None,
152,faceswap\tools\restore\cli.py,None,None,None,None,
153,faceswap\tools\restore\restore.py,None,None,None,None,
154,faceswap\tools\sort\__init__.py,None,None,None,None,
155,faceswap\tools\sort\cli.py,None,None,None,None,
156,faceswap\tools\sort\sort.py,None,None,None,None,
157,faceswap\tools\__init__.py,None,None,None,None,
158,faceswap\faceswap.py,None,None,None,None,
159,faceswap\setup.py,None,None,None,None,
160,faceswap\tools.py,_get_cli_opts',24,35,35,
161,faceswap\update_deps.py,None,None,None,None,
0,face_recognition\docs/conf.py,None,None,None,,
1,face_recognition\examples\benchmark.py,None,None,None,,
0,fastai\dev_nbs\course\crappify.py,None,None,None,None,
1,fastai\fastai\callback\all.py,None,None,None,None,
2,fastai\fastai\callback\captum.py,None,None,None,None,
3,fastai\fastai\callback\core.py,None,None,None,None,
4,fastai\fastai\callback\data.py,None,None,None,None, 
5,fastai\fastai\callback\fp16.py,None,None,None,None, 
6,fastai\fastai\callback\hook.py,None,None,None,None,
7,fastai\fastai\callback\mixup.py,None,None,None,None,
8,fastai\fastai\callback\neptune.py,None,None,None,None,
9,fastai\fastai\callback\preds.py,None,None,None,None, 
10,fastai\fastai\callback\progress.py,no_bar,61,67,65, 
11,fastai\fastai\callback\rnn.py,None,None,None,None,
12,fastai\fastai\callback\schedule.py,None,None,None,None,
13,fastai\fastai\callback\tensorboard.py,None,None,None,None, 
14,fastai\fastai\callback\tracker.py,None,None,None,None,
15,fastai\fastai\callback\training.py,None,None,None,None,
16,fastai\fastai\callback\wandb.py,None,None,None,None,
17,fastai\fastai\data\__init__.py,None,None,None,None,
18,fastai\fastai\data\all.py,None,None,None,None,
19,fastai\fastai\data\block.py,None,None,None,None,
20,fastai\fastai\data\core.py,set_split_idx,342,347,345,
21,fastai\fastai\data\external.py,None,None,None,None,
22,fastai\fastai\data\load.py,no_multiproc,34,39,38,
23,fastai\fastai\data\load.py,__iter__,97,105,103,
24,fastai\fastai\data\load.py,create_batches,107,110,110,
25,fastai\fastai\data\transforms.py,None,None,None,None,
26,fastai\fastai\medical\__init__.py,None,None,None,None,
27,fastai\fastai\medical\imaging.py,None,None,None,None,
28,fastai\fastai\medical\text.py,None,None,None,None,
29,fastai\fastai\tabular\__init__.py,None,None,None,None,
30,fastai\fastai\tabular\all.py,None,None,None,None,
31,fastai\fastai\tabular\core.py,None,None,None,None,
32,fastai\fastai\tabular\data.py,None,None,None,None,
33,fastai\fastai\tabular\learner.py,None,None,None,None,
34,fastai\fastai\tabular\model.py,None,None,None,None,
35,fastai\fastai\text\models\__init__.py,None,None,None,None,
36,fastai\fastai\text\models\awdlstm.py,None,None,None,None,
37,fastai\fastai\text\models\core.py,None,None,None,None,
38,fastai\fastai\text\models\qrnn.py,None,None,None,None,
39,fastai\fastai\text\__init__.py,None,None,None,None,
40,fastai\fastai\text\all.py,None,None,None,None,
41,fastai\fastai\text\core.py,__call__,368,370,370,
42,fastai\fastai\text\data.py,None,None,None,None,
43,fastai\fastai\text\learner.py,None,None,None,None,
44,fastai\fastai\vision\models\__init__.py,None,None,None,None,
45,fastai\fastai\vision\models\all.py,None,None,None,None,
46,fastai\fastai\vision\models\tvm.py,None,None,None,None,
47,fastai\fastai\vision\models\unet.py,None,None,None,None,
48,fastai\fastai\vision\models\xresnet.py,None,None,None,None,
49,fastai\fastai\vision\__init__.py,None,None,None,None,
50,fastai\fastai\vision\all.py,None,None,None,None,
51,fastai\fastai\vision\augment.py,None,None,None,None,
52,fastai\fastai\vision\core.py,None,None,None,None,
53,fastai\fastai\vision\data.py,None,None,None,None,
54,fastai\fastai\vision\gan.py,None,None,None,None,
55,fastai\fastai\vision\learner.py,None,None,None,None,
56,fastai\fastai\vision\utils.py,None,None,None,None,
57,fastai\fastai\vision\widgets.py,None,None,None,None,
58,fastai\fastai\__init__.py,None,None,None,None,
59,fastai\fastai\_nbdev.py,None,None,None,None,
60,fastai\fastai\_pytorch_doc.py,None,None,None,None,
61,fastai\fastai\basics.py,None,None,None,None,
62,fastai\fastai\collab.py,None,None,None,None,
63,fastai\fastai\distributed.py,parallel_ctx,42,47,46,
64,fastai\fastai\distributed.py,distrib_ctx,162,176,173,
65,fastai\fastai\fp16_utils.py,None,None,None,None,
66,fastai\fastai\imports.py,None,None,None,None,
67,fastai\fastai\interpret.py,None,None,None,None,
68,fastai\fastai\launch.py,None,None,None,None,
69,fastai\fastai\layers.py,None,None,None,None,
70,fastai\fastai\learner.py,replacing_yield,21,25,24,
71,fastai\fastai\learner.py,added_cbs,129,132,131,
72,fastai\fastai\learner.py,removed_cbs,135,138,137,
73,fastai\fastai\losses.py,None,None,None,None,
74,fastai\fastai\metrics.py,None,None,None,None,
75,fastai\fastai\optimizer.py,None,None,None,None,
76,fastai\fastai\test_utils.py,None,None,None,None,
77,fastai\fastai\torch_basics.py,None,None,None,None,
78,fastai\fastai\torch_core.py,no_random,171,178,176,
79,fastai\fastai\torch_imports.py,None,None,None,None,
80,fastai\nbs\examples\distrib.py,None,None,None,None,
81,fastai\nbs\examples\migrating_catalyst.py,None,None,None,None,
82,fastai\nbs\examples\migrating_fastai.py,None,None,None,None,
83,fastai\nbs\examples\migrating_ignite.py,None,None,None,None,
84,fastai\nbs\examples\migrating_lightning.py,None,None,None,None,
85,fastai\nbs\examples\migrating_pytorch.py,None,None,None,None,
86,fastai\nbs\examples\mnist_blocks.py,None,None,None,None,
87,fastai\nbs\examples\mnist_items.py,None,None,None,None,
88,fastai\nbs\examples\train_imagenette.py,None,None,None,None,
89,fastai\nbs\examples\train_imdbclassifier.py,None,None,None,None,
90,fastai\nbs\examples\train_tabular.py,None,None,None,None,
91,fastai\nbs\examples\train_wt2.py,None,None,None,None,
92,fastai\setup.py,None,None,None,None,
0,flower\docs\conf.py,None,None,None,None,
1,flower\docs\tasks.py,None,None,None,None,
2,flower\examples\tasks.py,None,None,None,None,
3,flower\flower\api\__init__.py,None,None,None,None,
4,flower\ flower\api\control.py,None,None,None,None, 
5,flower\flower\api\events.py,None,None,None,None, 
6,flower\flower\api\tasks.py," 'TaskApply', 'post'",89,148,146,
7,flower\flower\api\tasks.py,"GetQueueLengths', 'get'",370,422,421,
8,flower\flower\api\workers.py,"ListWorkers', 'get'",15,185,173,
9,flower\flower\utils\__init__.py,None,None,None,None, 
10,flower\flower\utils\broker.py,"RabbitMQ', 'Queues', ",66,87,74, 
11,flower\flower\utils\broker.py, 'main',255,267,264,
12,flower\flower\utils\search.py,None,None,None,None,
13,flower\flower\utils\tasks.py,"iter_tasks',  'convert'",17,48,44, 
14,flower\flower\utils\tasks.py,sort_tasks',54,64,64,
15,flower\flower\utils\template.py,None,None,None,None,
16,flower\flower\views\__init__.py,None,None,None,None,
17,flower\flower\views\auth.py,"GoogleAuth2LoginHandler', 'get'",21,36,"24,28,30",
18,flower\flower\views\auth.py,"GoogleAuth2LoginHandler', '_on_auth'",39,65,45,
19,flower\flower\views\auth.py,"GithubLoginHandler', 'get_authenticated_user'",81,100,90,
20,flower\flower\views\auth.py,"GithubLoginHandler', 'get'",103,118,"106,110,112",
21,flower\flower\views\auth.py,"GithubLoginHandler', '_on_auth'",121,146,126,
22,flower\flower\views\auth.py,"GitlabLoginHandler', 'get_authenticated_user'",156,173,164,
23,flower\flower\views\auth.py,"GitlabLoginHandler', 'get'",176,191,"179,183,185",
24,flower\flower\views\auth.py,"GitlabLoginHandler', '_on_auth'",194,239,"203,218",
25,flower\flower\views\auth.py,"OktaLoginHandler', 'get_access_token'",263,282,272,
26,flower\flower\views\auth.py,"OktaLoginHandler', 'get'",285,309,"295,299,303",
27,flower\flower\views\auth.py,"OktaLoginHandler', '_on_auth'",312,342,317,
28,flower\flower\views\broker.py,"BrokerView', 'get'",17,49,43,
29,flower\flower\views\dashboard.py,"DashboardView', '_info', '_keys'",76,80,80,
30,flower\flower\views\error.py,None,None,None,None,
31,flower\flower\views\monitor.py,None,None,None,None,
32,flower\flower\views\tasks.py,None,None,None,None,
33,flower\flower\views\workers.py,None,None,None,None,
34,flower\flower\__init__.py,None,None,None,None,
35,flower\flower\__main__.py,None,None,None,None,
36,flower\flower\app.py,None,None,None,None,
37,flower\flower\command.py,None,None,None,None,
38,flower\flower\events.py,None,None,None,None,
39,flower\flower\inspector.py,None,None,None,None,
40,flower\flower\options.py,None,None,None,None,
41,flower\flower\urls.py,None,None,None,None,
42,flower\tests\unit\api\__init__.py,None,None,None,None,
43,flower\tests\unit\api\test_control.py,None,None,None,None,
44,flower\tests\unit\api\test_events.py,None,None,None,None,
45,flower\tests\unit\api\test_tasks.py,None,None,None,None,
46,flower\tests\unit\api\test_workers.py,None,None,None,None,
47,flower\tests\unit\utils\__init__.py,None,None,None,None,
48,flower\tests\unit\utils\test_broker.py,None,None,None,None,
49,flower\tests\unit\utils\test_search.py,None,None,None,None,
50,flower\tests\unit\utils\test_template.py,None,None,None,None,
51,flower\tests\unit\utils\test_utils.py,None,None,None,None,
52,flower\tests\unit\views\__init__.py,None,None,None,None,
53,flower\tests\unit\views\test_auth.py,None,None,None,None,
54,flower\tests\unit\views\test_dashboard.py,None,None,None,None,
55,flower\tests\unit\views\test_error.py,None,None,None,None,
56,flower\tests\unit\views\test_monitor.py,None,None,None,None,
57,flower\tests\unit\views\test_tasks.py,None,None,None,None,
58,flower\tests\unit\views\test_url_handlers.py,None,None,None,None,
59,flower\tests\unit\__init__.py,None,None,None,None,
60,flower\tests\unit\__main__.py,None,None,None,None,
61,flower\tests\unit\test_command.py,None,None,None,None,
62,flower\tests\__init__.py,None,None,None,None,
63,flower\tests\load.py,None,None,None,None,
64,flower\setup.py,None,None,None,None,
0,furl\furl,None,None,None,None,
0,Monkeytype\monkeytype\tracing.py,trace_calls,270,283,283,
1,Monkeytype\tracing.py,trace_calls,270,283,280,
2,Monkeytype\monkeytype\encoding.py,serialize_traces,240,251,249,
3,Monkeytype\tests\test_cli.py,cli_context,66,69,68,
4,Monkeytype\tests\test_cli.py,store_data,73,78,78, 
5,Monkeytype\tests\test_cli.py,store,82,84,84, 
6,Monkeytype\tests\test_cli.py,db_file,88,90,90,
7,Monkeytype\tests\test_typing.py,generator,500,501,501,
8,Monkeytype\tests\test_tracing.py,squares,120,122,122,
9,Monkeytype\setup.py,long_desc,11,17,17, 
10,Monkeytype\monkeytype\config.py,cli_context,46,53,53, 
0,oauthlib\oauthlib,None,None,None,None,
0,percol\percol\action.py,None,None,None,None,
1,percol\percol\actions.py,None,None,None,None,
2,percol\percol\ansi.py,None,None,None,None,
3,percol\percol\cli.py,read_input,133,152,151,
4,percol\percol\command.py,None,None,None,None,
5,percol\percol\debug.py,None,None,None,None,
6,percol\percol\display.py,get_attributes,52,55,55,
7,percol\percol\finder.py,"FinderMultiQuery', 'find'",87,118,118,
8,percol\percol\info.py,None,None,None,None,
9,percol\percol\key.py,None,None,None,None,
10,percol\percol\lazyarray.py,"LazyArray', '__iter__'",25,33,"28, 33",
11,percol\percol\lazyarray.py,getnumbers,59,62,62,
12,percol\percol\markup.py,"MarkupParser', 'get_next_chars'",34,37,37,
13,percol\percol\model.py,None,None,None,None,
14,percol\percol\tty.py,None,None,None,None,
15,percol\percol\view.py,None,None,None,None,
16,percol\tools\check_colors.py,get_fg_bg',12,15,15,
0,pygeoip\docs\conf.py,None,None,None,None,
1,pygeoip\ pygeoip\__init__.py,None,None,None,None,
2,pygeoip\pygeoip\const.py,None,None,None,None,
3,pygeoip\pygeoip\timezone.py,None,None,None,None,
4,pygeoip\pygeoip\util.py,None,None,None,None, 
5,pygeoip\tests\__init__.py,None,None,None,None,
6,pygeoip\tests\config.py,None,None,None,None,
7,pygeoip\tests\test_asnum.py,None,None,None,None,
8,pygeoip\tests\test_cache.py,None,None,None,None,
9,pygeoip\tests\test_city.py,None,None,None,None, 
10,pygeoip\tests\test_country.py,None,None,None,None, 
11,pygeoip\tests\test_isp.py,None,None,None,None,
12,pygeoip\tests\test_memory.py,None,None,None,None,
13,pygeoip\tests\test_mmap.py,None,None,None,None, 
14,pygeoip\tests\test_netspeed_cell.py,None,None,None,None,
15,pygeoip\tests\test_netspeed.py,None,None,None,None,
16,pygeoip\tests\test_org.py,None,None,None,None,
17,pygeoip\tests\test_region.py,None,None,None,None,
18,pygeoip\tests\test_thread.py,None,None,None,None,
19,pygeoip\tests\test_tz.py,None,None,None,None,
20,pygeoip\tests\test_unicode.py,None,None,None,None,
21,pygeoip\tests\test.py,None,None,None,None,
0,pyshorteners\docs\conf.py,None,None,None,None,
1,pyshorteners\pyshorteners\shorteners\__init__.py,None,None,None,None,
2,pyshorteners\pyshorteners\shorteners\adfly.py,None,None,None,None,
3,pyshorteners\pyshorteners\shorteners\bitly.py,None,None,None,None,
4,pyshorteners\pyshorteners\shorteners\chilpit.py,None,None,None,None, 
5,pyshorteners\pyshorteners\shorteners\clckru.py,None,None,None,None, 
6,pyshorteners\pyshorteners\shorteners\cuttly.py,None,None,None,None,
7,pyshorteners\pyshorteners\shorteners\dagd.py,None,None,None,None,
8,pyshorteners\pyshorteners\shorteners\gitio.py,None,None,None,None,
9,pyshorteners\pyshorteners\shorteners\isgd.py,None,None,None,None, 
10,pyshorteners\pyshorteners\shorteners\nullpointer.py,None,None,None,None, 
11,pyshorteners\pyshorteners\shorteners\osdb.py,None,None,None,None,
12,pyshorteners\pyshorteners\shorteners\owly.py,None,None,None,None,
13,pyshorteners\pyshorteners\shorteners\post.py,None,None,None,None, 
14,pyshorteners\pyshorteners\shorteners\qpsru.py,None,None,None,None,
15,pyshorteners\pyshorteners\shorteners\shortcm.py,None,None,None,None,
16,pyshorteners\pyshorteners\shorteners\tinycc.py,None,None,None,None,
17,pyshorteners\pyshorteners\shorteners\tinyurl.py,None,None,None,None,
18,pyshorteners\pyshorteners\__init__.py,None,None,None,None,
19,pyshorteners\pyshorteners\base.py,None,None,None,None,
20,pyshorteners\pyshorteners\exceptions.py,None,None,None,None,
21,pyshorteners\tests\__init__.py,None,None,None,None,
22,pyshorteners\tests\test_adfly.py,None,None,None,None,
23,pyshorteners\tests\test_base.py,None,None,None,None,
24,pyshorteners\tests\test_bitly.py,None,None,None,None,
25,pyshorteners\tests\test_chilpit.py,None,None,None,None,
26,pyshorteners\tests\test_clckru.py,None,None,None,None,
27,pyshorteners\tests\test_cuttly.py,None,None,None,None,
28,pyshorteners\tests\test_dagd.py,None,None,None,None,
29,pyshorteners\tests\test_isgd.py,None,None,None,None,
30,pyshorteners\tests\test_nullpointer.py,None,None,None,None,
31,pyshorteners\tests\test_osdb.py,None,None,None,None,
32,pyshorteners\tests\test_owly.py,None,None,None,None,
33,pyshorteners\tests\test_post.py,None,None,None,None,
34,pyshorteners\tests\test_qpsru.py,None,None,None,None,
35,pyshorteners\tests\test_shortcm.py,None,None,None,None,
36,pyshorteners\tests\test_tinycc.py,None,None,None,None,
37,pyshorteners\tests\test_tinyurl.py,None,None,None,None,
38,pyshorteners\example.py,None,None,None,None,
39,pyshorteners\setup.py,None,None,None,None,
0,schematics\schematics\iteration.py,atoms,24,75,"73,75",
1,schematics\tests\test_serialize.py,count,847,850,849,
2,schematics\schematics\schema.py,__iter__,50,53,53,
0,tensorflow\tensorflow\compiler\tests\depthwise_conv_op_test.py,ConfigsToTest,64,88,88,
1,tensorflow\tensorflow\compiler\tests\depthwise_conv_op_test.py,ConfigsWithDilationToTest,91,114,114,
2,tensorflow\tensorflow\compiler\tests\depthwise_conv_op_test.py,CheckGradConfigsToTest,117,141,141,
3,tensorflow\tensorflow\compiler\tests\xla_test.py,session,209,229,229,
4,tensorflow\tensorflow\compiler\tests\xla_test.py,device_scope,240,247,247, 
5,tensorflow\tensorflow\python\util\nest.py,_yield_value,211,213,213, 
6,tensorflow\tensorflow\python\util\nest.py,_yield_sorted_items,216,262,"234,238,246,249,252,255,259,262",
7,tensorflow\tensorflow\python\util\nest.py,_yield_flat_up_to,974,1001,"992,1001",
8,tensorflow\tensorflow\python\util\nest.py,yield_flat_paths,1573,1611,1611,
9,tensorflow\tensorflow\python\data\kernel_tests\from_generator_test.py,generator,59,61,61, 
10,tensorflow\tensorflow\python\data\kernel_tests\from_generator_test.py,generator,123,125,125, 
11,tensorflow\tensorflow\python\data\kernel_tests\from_generator_test.py,generator,162,184,"167,184",
12,tensorflow\tensorflow\python\data\kernel_tests\from_generator_test.py,generator,205,208,"206,207,208",
13,tensorflow\tensorflow\python\data\kernel_tests\from_generator_test.py,generator,224,227,"225,226,227", 
14,tensorflow\tensorflow\python\data\kernel_tests\from_generator_test.py,generator,237,240,"238,239, 240",
15,tensorflow\tensorflow\python\data\kernel_tests\from_generator_test.py,generator,254,258,"255,256,257,258",
16,tensorflow\tensorflow\python\data\kernel_tests\from_generator_test.py,generator,275,279,"276,277,278,279",
17,tensorflow\tensorflow\python\data\kernel_tests\from_generator_test.py,generator,295,300,"296,297,298,299,300",
18,tensorflow\tensorflow\python\data\kernel_tests\from_generator_test.py,generator,318,320,"319, 320",
19,tensorflow\tensorflow\python\data\kernel_tests\from_generator_test.py,generator,329,332,"330,331,332",
20,tensorflow\tensorflow\python\data\kernel_tests\from_generator_test.py,generator_with_arg,376,378,378,
21,tensorflow\tensorflow\python\data\kernel_tests\from_generator_test.py,generator_with_arg,393,395,395,
22,tensorflow\tensorflow\python\data\kernel_tests\from_generator_test.py,generator,445,447,447,
23,tensorflow\tensorflow\python\data\kernel_tests\from_generator_test.py,generator,459,460,460,
24,tensorflow\tensorflow\python\data\kernel_tests\from_generator_test.py,generator,476,480,477,
25,tensorflow\tensorflow\python\data\kernel_tests\from_generator_test.py,generator,497,499,499,
26,tensorflow\tensorflow\python\data\kernel_tests\from_generator_test.py,generator,509,511,511,
27,tensorflow\tensorflow\python\framework\ops.py,_variable_creator_scope,3038,3069,3064,
28,tensorflow\tensorflow\python\framework\ops.py,_original_op,4118,4140,4138,
29,tensorflow\tensorflow\python\framework\ops.py,name_scope,4155,4265,4262,
30,tensorflow\tensorflow\python\framework\ops.py,_colocate_with_for_gradient,4339,4353,"4347,4351,4353",
31,tensorflow\tensorflow\python\framework\ops.py,colocate_with,4356,4432,4421,
32,tensorflow\tensorflow\python\framework\ops.py,device,4442,4510,4505,
33,tensorflow\tensorflow\python\framework\ops.py,container,4539,4588,4586,
34,tensorflow\tensorflow\python\framework\ops.py,_attr_scope,4834,4894,4886,
35,tensorflow\tensorflow\python\framework\ops.py,_kernel_label_map,4900,4957,4950,
36,tensorflow\tensorflow\python\framework\ops.py,_override_gradient_function,4962,4972,4970,
37,tensorflow\tensorflow\python\framework\ops.py,gradient_override_map,4976,5034,5027,
38,tensorflow\tensorflow\python\framework\ops.py,device,5213,5245,"5240,5242",
39,tensorflow\tensorflow\python\framework\ops.py,get_controller,5397,5412,5401,
40,tensorflow\tensorflow\python\framework\ops.py,get_controller,5590,5601,5597,
41,tensorflow\tensorflow\python\framework\ops.py,init_scope,5650,5750,"5702,5745",
42,tensorflow\tensorflow\python\framework\ops.py,op_scope,6736,6741,6741,
43,tensorflow\tensorflow\python\framework\test_util.py,skip_if_error,467,495,490,
44,tensorflow\tensorflow\python\framework\test_util.py,device,1603,1610,1610,
45,tensorflow\tensorflow\python\framework\test_util.py,use_gpu,1614,1617,1617,
46,tensorflow\tensorflow\python\framework\test_util.py,force_gpu,1621,1624,1624,
47,tensorflow\tensorflow\python\framework\test_util.py,force_cpu,1628,1631,1631,
48,tensorflow\tensorflow\python\framework\test_util.py,captureWritesToStream,2115,2158,2155,
49,tensorflow\tensorflow\python\framework\test_util.py,session,2276,2317,"2313,2317",
50,tensorflow\tensorflow\python\framework\test_util.py,cached_session,2320,2369,"2363,2369",
51,tensorflow\tensorflow\python\framework\test_util.py,test_session,2374,2397,"2387,2394,2397",
52,tensorflow\tensorflow\python\framework\test_util.py,assertRaisesWithPredicateMatch,3057,3094,3090,
53,tensorflow\tensorflow\python\framework\test_util.py,_constrain_devices_and_set_default,3193,3211,"3196,3206,3208,3211",
54,tensorflow\tensorflow\python\framework\test_util.py,_fake_gradient_tape_context_manager,3406,3433,3431,
55,tensorflow\tensorflow\python\framework\test_util.py,run_functions_eagerly,3459,3493,3491,
56,tensorflow\tensorflow\python\util\tf_contextlib_test.py,test_yield_append_before_and_after_yield,29,32,31,
57,tensorflow\tensorflow\python\util\tf_contextlib_test.py,test_yield_return_x_plus_1,36,37,37,
58,tensorflow\tensorflow\python\data\util\nest.py,_yield_value,81,94,"89,91,94",
59,tensorflow\tensorflow\python\data\util\nest.py,_yield_flat_up_to,248,256,"254,256",
60,tensorflow\tensorflow\python\keras\engine\training_generator_test.py,custom_generator,44,64,"60,62,64",
61,tensorflow\tensorflow\python\keras\engine\training_generator_test.py,custom_generator_changing_batch_size,67,90,"86,88, 90",
62,tensorflow\tensorflow\python\keras\engine\training_generator_test.py,invalid_generator,236,238,238,
63,tensorflow\tensorflow\python\keras\engine\training_generator_test.py,ones_generator,279,281,281,
64,tensorflow\tensorflow\python\keras\engine\training_generator_test.py,data_gen,349,370,"366, 370",
65,tensorflow\tensorflow\python\keras\engine\training_generator_test.py,_gen,503,505,505,
66,tensorflow\tensorflow\lite\python\optimize\calibrator_test.py,input_gen,47,49,49,
67,tensorflow\tensorflow\lite\python\optimize\calibrator_test.py,input_gen,70,72,72,
68,tensorflow\tensorflow\lite\python\optimize\calibrator_test.py,input_gen,88,90,90,
69,tensorflow\tensorflow\lite\python\optimize\calibrator_test.py,input_gen,103,105,105,
70,tensorflow\tensorflow\lite\python\optimize\calibrator_test.py,input_gen,126,128,128,
71,tensorflow\tensorflow\lite\python\optimize\calibrator_test.py,empty_input_gen,149,151,151,
72,tensorflow\tensorflow\lite\python\optimize\calibrator_test.py,input_gen,164,166,166,
73,tensorflow\tensorflow\lite\python\optimize\calibrator_test.py,input_gen,180,182,182,
74,tensorflow\tensorflow\lite\python\optimize\calibrator_test.py,input_gen,195,197,197,
75,tensorflow\tensorflow\python\training\saving\saveable_object_util.py,saveable_objects_for_op,139,223,"159,168,182,185,199,208,221,223",
76,tensorflow\tensorflow\python\data\experimental\kernel_tests\reader_dataset_ops_test_base.py,_interleave,170,190,184,
77,tensorflow\tensorflow\python\data\experimental\kernel_tests\reader_dataset_ops_test_base.py,_next_record,198,201,201,
78,tensorflow\tensorflow\python\data\experimental\kernel_tests\reader_dataset_ops_test_base.py,_next_record_interleaved,203,247,"232,244",
79,tensorflow\tensorflow\python\data\experimental\kernel_tests\reader_dataset_ops_test_base.py,_interleave,314,334,328,
80,tensorflow\tensorflow\python\data\experimental\kernel_tests\reader_dataset_ops_test_base.py,_next_record,339,342,342,
81,tensorflow\tensorflow\python\data\experimental\kernel_tests\reader_dataset_ops_test_base.py,_next_expected_batch,336,366,"362,366",
82,tensorflow\tensorflow\python\keras\utils\data_utils.py,chunk_read,83,97,95,
83,tensorflow\tensorflow\python\keras\utils\data_utils.py,__iter__,480,483,483,
84,tensorflow\tensorflow\python\keras\utils\data_utils.py,iter_sequence_infinite,486,497,497,
85,tensorflow\tensorflow\python\keras\utils\data_utils.py,get,762,783,778,
86,tensorflow\tensorflow\python\keras\utils\data_utils.py,get,880,916,"895,908",
87,tensorflow\tensorflow\python\eager\context.py,_mode,808,823,819,
88,tensorflow\tensorflow\python\eager\context.py,device_policy,2131,2139,2137,
89,tensorflow\tensorflow\python\eager\context.py,execution_mode,2149,2163,"2152,216",
90,tensorflow\tensorflow\python\eager\context.py,executor_scope,2167,2183,2181,
91,tensorflow\tensorflow\python\eager\context.py,function_executor_type,2188,2206,2204,
92,tensorflow\tensorflow\python\eager\context.py,collect_graphs,2264,2301,2293,
93,tensorflow\tensorflow\python\eager\context.py,async_scope,2322,2365,2356,
94,tensorflow\tensorflow\python\data\experimental\kernel_tests\bucket_by_sequence_length_test.py,_generator,116,127,127,
95,tensorflow\tensorflow\python\data\experimental\kernel_tests\bucket_by_sequence_length_test.py,_generator,214,224,224,
96,tensorflow\tensorflow\python\data\experimental\kernel_tests\bucket_by_sequence_length_test.py,element_gen,273,284,"281,284",
97,tensorflow\tensorflow\python\data\experimental\kernel_tests\bucket_by_sequence_length_test.py,element_gen,321,323,323,
98,tensorflow\tensorflow\python\data\experimental\kernel_tests\bucket_by_sequence_length_test.py,_generator,357,361,361,
99,tensorflow\tensorflow\python\data\experimental\kernel_tests\bucket_by_sequence_length_test.py,generator_fn,410,412,412,
100,tensorflow\tensorflow\python\data\experimental\kernel_tests\bucket_by_sequence_length_test.py,element_gen,474,476,476,
101,tensorflow\tensorflow\python\ops\variable_scope.py,with_variable_store,1470,1477,1475,
102,tensorflow\tensorflow\python\ops\variable_scope.py,variable_op_scope,2488,2516,2516,
103,tensorflow\tensorflow\python\ops\variable_scope.py,_iter_slices,2572,2581,2580,
104,tensorflow\tensorflow\python\ops\variable_scope.py,variable_creator_scope_v1,2691,2761,2761,
105,tensorflow\tensorflow\python\ops\variable_scope.py,variable_creator_scope,2767,2831,2831,
106,tensorflow\tensorflow\python\lib\io\file_io.py,walk_v2,726,780,"772,777,780",
107,tensorflow\tensorflow\python\keras\engine\data_adapter.py,wrapped_generator,806,808,808,
108,tensorflow\tensorflow\python\keras\engine\data_adapter.py,generator_fn,925,933,933,
109,tensorflow\tensorflow\python\keras\engine\data_adapter.py,enumerate_epochs,1155,1165,1164,
110,tensorflow\tensorflow\python\keras\engine\data_adapter.py,_truncate_execution_to_epoch,1168,1182,1178,
111,tensorflow\tensorflow\python\keras\engine\data_adapter.py,catch_stop_iteration,1185,1202,1188,
112,tensorflow\tensorflow\python\keras\engine\data_adapter.py,steps,1204,1230,"1221,1228",
113,tensorflow\tensorflow\python\framework\c_api_util.py,tf_buffer,172,201,199,
114,tensorflow\tensorflow\python\framework\c_api_util.py,tf_operations,220,235,233,
115,tensorflow\tensorflow\python\framework\c_api_util.py,new_tf_operations,238,255,255,
116,tensorflow\tensorflow\python\keras\testing_utils.py,model_type_scope,321,338,335,
117,tensorflow\tensorflow\python\keras\testing_utils.py,run_eagerly_scope,342,360,357,
118,tensorflow\tensorflow\python\keras\testing_utils.py,use_keras_tensors_scope,364,383,380,
119,tensorflow\tensorflow\python\keras\testing_utils.py,saved_model_format_scope,397,419,415,
120,tensorflow\tensorflow\python\keras\testing_utils.py,device,952,959,959,
121,tensorflow\tensorflow\python\keras\testing_utils.py,use_gpu,963,966,966,
122,tensorflow\tensorflow\python\module\module.py,_flatten_module,347,411,"389,391,411",
123,tensorflow\tensorflow\lite\ios\extract_object_files.py,_generated_modified_filenames,93,109,"105,109",
124,tensorflow\tensorflow\lite\ios\extract_object_files.py,_extract_next_file,129,178,178,
125,tensorflow\tensorflow\python\compiler\tensorrt\trt_convert_test.py,_InputFn,448,449,449,
126,tensorflow\tensorflow\python\compiler\tensorrt\trt_convert_test.py,_CalibrationInputFn,511,512,512,
127,tensorflow\tensorflow\python\compiler\tensorrt\trt_convert_test.py,_InputFn,526,527,527,
128,tensorflow\tensorflow\python\compiler\tensorrt\trt_convert_test.py,_InputFn,592,593,593,
129,tensorflow\tensorflow\python\compiler\tensorrt\trt_convert_test.py,_InputFn,860,861,861,
130,tensorflow\tensorflow\python\ops\ragged\ragged_getitem.py,_tensor_in_key_list,392,406,"395,399,402,404,406",
131,tensorflow\tensorflow\python\distribute\multi_worker_test_base.py,skip_if_grpc_server_cant_be_started,438,447,440,
132,tensorflow\tensorflow\python\distribute\multi_worker_test_base.py,session,468,488,488,
133,tensorflow\tensorflow\python\distribute\multi_worker_test_base.py,cached_session,492,518,518,
134,tensorflow\tensorflow\python\distribute\multi_worker_test_base.py,__iter__,633,639,"637,639",
135,tensorflow\tensorflow\python\distribute\multi_worker_test_base.py,generator,241,245,"242,243,244,245",
136,tensorflow\tensorflow\python\distribute\multi_worker_test_base.py,gen,317,318,318,
137,tensorflow\tensorflow\python\training\checkpoint_utils.py,checkpoints_iterator,153,215,212,
138,tensorflow\tensorflow\python\keras\callbacks_v1_test.py,data_generator,67,81,"75,78",
139,tensorflow\tensorflow\python\keras\callbacks_v1_test.py,data_generator,175,190,"184,187",
140,tensorflow\tensorflow\python\keras\callbacks_v1_test.py,generator,316,320,320,
141,tensorflow\tensorflow\python\keras\backend.py,learning_phase_scope,483,506,504,
142,tensorflow\tensorflow\python\keras\backend.py,deprecated_internal_learning_phase_scope,510,560,544,
143,tensorflow\tensorflow\python\keras\backend.py,eager_learning_phase_scope,564,591,585,
144,tensorflow\tensorflow\python\keras\backend.py,_scracht_graph773,,805,"797,803",
145,tensorflow\tensorflow\python\keras\engine\training_test.py,xy_generator,578,584,"582,584",
146,tensorflow\tensorflow\python\keras\engine\training_test.py,x_generator,586,592,"590,592",
147,tensorflow\tensorflow\python\distribute\tpu_values.py,_maybe_enter_graph,40,48,"45,48",
148,tensorflow\tensorflow\python\distribute\tpu_values.py,_maybe_on_device,"52,58",58,"56,58",
149,tensorflow\tensorflow\python\distribute\tpu_strategy.py,maybe_init_scope,73,78,"75,78",
150,tensorflow\tensorflow\python\distribute\tpu_strategy.py,experimental_logical_device,1090,1107,"1102,1105",
151,tensorflow\tensorflow\python\keras\utils\tf_utils.py,maybe_init_scope,423,438,"436,438",
152,tensorflow\tensorflow\python\keras\utils\tf_utils.py,graph_context_for_symbolic_tensors,442,448,"446,448",
153,tensorflow\tensorflow\python\training\supervisor.py,managed_session,936,1025,1004,
154,tensorflow\tensorflow\python\ops\summary_ops_v2.py,record_if,124,149,147,
155,tensorflow\tensorflow\python\ops\summary_ops_v2.py,as_default,324,369,362,
156,tensorflow\tensorflow\python\ops\summary_ops_v2.py,as_default,406,407,407,
157,tensorflow\tensorflow\python\ops\summary_ops_v2.py,summary_scope,627,663,663,
158,tensorflow\tensorflow\python\saved_model\save.py,list_dependencies,115,142,"136,138,142",
159,tensorflow\tensorflow\python\ops\resource_variable_ops.py,_handle_graph,242,250,"247, 250",
160,tensorflow\tensorflow\python\ops\resource_variable_ops.py,_assign_dependencies,455,467,"465,467",
161,tensorflow\tensorflow\python\framework\op_def_library.py,_MaybeColocateWith,257,272,"267,272",
162,tensorflow\tensorflow\python\keras\utils\object_identity.py,__iter__,149,151,151,
163,tensorflow\tensorflow\python\keras\utils\object_identity.py,__iter__,169,176,176,
164,tensorflow\tensorflow\python\keras\utils\object_identity.py,__iter__,221,224,224,
165,tensorflow\tensorflow\python\keras\utils\object_identity.py,__iter__,239,246,246,
166,tensorflow\tensorflow\python\util\object_identity.py,__iter__,150,152,152,
167,tensorflow\tensorflow\python\util\object_identity.py,__iter__,170,177,177,
168,tensorflow\tensorflow\python\util\object_identity.py,__iter__,222,225,225,
169,tensorflow\tensorflow\python\util\object_identity.py,__iter__,240,247,247,
170,tensorflow\tensorflow\lite\python\lite_v2_test.py,calibration_gen,158,160,160,
171,tensorflow\tensorflow\lite\python\lite_v2_test.py,calibration_gen,508,512,510,
172,tensorflow\tensorflow\lite\python\lite_v2_test.py,calibration_gen,595,600,597,
173,tensorflow\tensorflow\lite\python\lite_v2_test.py,calibration_gen,1609,1612,1612,
174,tensorflow\tensorflow\python\framework\function.py,container,731,759,754,
175,tensorflow\tensorflow\python\debug\lib\debug_events_reader.py,_generic_iterator,182,220,209,
176,tensorflow\tensorflow\python\keras\engine\data_adapter_test.py,generator,85,87,87,
177,tensorflow\tensorflow\python\keras\engine\data_adapter_test.py,generator,725,727,727,
178,tensorflow\tensorflow\python\keras\engine\data_adapter_test.py,generator,924,927,927,
179,tensorflow\tensorflow\python\keras\engine\data_adapter_test.py,generator,957,960,960,
180,tensorflow\tensorflow\python\keras\callbacks_test.py,generator,388,390,390,
181,tensorflow\tensorflow\python\keras\callbacks_test.py,generator,419,422,422,
182,tensorflow\tensorflow\python\keras\callbacks_test.py,data_generator,1429,1442,"1435,1438",
183,tensorflow\tensorflow\python\data\kernel_tests\window_test.py,generator,205,208,"206,207,208",
184,tensorflow\tensorflow\python\ops\tensor_array_ops.py,_maybe_colocate_with,203,221,"216,221",
185,tensorflow\tensorflow\python\distribute\cluster_resolver\slurm_cluster_resolver.py,split_hotlist,39,57,"52,57",
186,tensorflow\tensorflow\python\distribute\cluster_resolver\slurm_cluster_resolver.py,expand_range_expression,59,68,68,
187,tensorflow\tensorflow\python\kernel_tests\linalg\linear_operator_circulant_test.py,_constrain_devices_and_set_default,58,62,62,
188,tensorflow\tensorflow\python\kernel_tests\linalg\linear_operator_circulant_test.py,_constrain_devices_and_set_default,410,414,414,
189,tensorflow\tensorflow\python\kernel_tests\linalg\linear_operator_circulant_test.py,_constrain_devices_and_set_default,703,707,707,
190,tensorflow\tensorflow\python\debug\lib\grpc_debug_server.py,SendEvents,127,182,"163,174,182",
191,tensorflow\tensorflow\python\autograph\operators\control_flow_test.py,new_generator,249,251,251,
192,tensorflow\tensorflow\python\autograph\operators\control_flow_test.py,new_generator,282,284,284,
193,tensorflow\tensorflow\python\autograph\operators\control_flow_test.py,custom_iterator,806,809,809,
194,tensorflow\tensorflow\python\data\kernel_tests\batch_test.py,generator,175,178,"176,177,178",
195,tensorflow\tensorflow\python\keras\engine\base_layer.py,_flatten_layers,2912,2916,2916,
196,tensorflow\tensorflow\python\keras\engine\base_layer.py,_flatten_modules,2918,2957,"2929,2946",
197,tensorflow\tensorflow\python\autograph\pyct\common_transformers\anf_test.py,test_function,331,333,332,
198,tensorflow\tensorflow\python\autograph\pyct\common_transformers\anf_test.py,expected_result,335,340,337,
199,tensorflow\tensorflow\python\ops\losses\util.py,check_per_example_loss_rank,148,174,"164,174",
200,tensorflow\tensorflow\python\training\tracking\util.py,globally_named_object_attributes,329,367,367,
201,tensorflow\tensorflow\python\training\tracking\util.py,capture_dependencies,545,632,632,
202,tensorflow\tensorflow\python\keras\engine\training_eager_test.py,numpy_iterator,214,216,216,
203,tensorflow\tensorflow\python\keras\engine\training_eager_test.py,inference_numpy_iterator,221,223,223,
204,tensorflow\tensorflow\python\framework\tensor_util.py,_FlattenToStrings,230,236,"234,236",
205,tensorflow\tensorflow\python\ops\summary_op_util.py,summary_scope,72,108,108,
206,tensorflow\tensorflow\python\data\experimental\ops\readers.py,_next_csv_row,11,128,128,
207,tensorflow\tensorflow\python\distribute\parameter_server_strategy_v2_test.py,_assertRaisesUsageError,78,83,83,
208,tensorflow\tensorflow\python\distribute\parameter_server_strategy_v2_test.py,_assertRaisesUsageErrorWithSchedule,86,92,92,
209,tensorflow\tensorflow\python\framework\ops_test.py,generator,2158,2160,"2159, 2160",
210,tensorflow\tensorflow\python\kernel_tests\neon_depthwise_conv_op_test.py,ConfigsToTest,32,53,53,
211,tensorflow\tensorflow\python\kernel_tests\neon_depthwise_conv_op_test.py,CheckGradConfigsToTest,56,80,80,
212,tensorflow\tensorflow\python\distribute\multi_process_runner.py,_runtime_mode,745,751,"748,751",
213,tensorflow\tensorflow\python\distribute\mirrored_run.py,_enter_graph,101,112,"107,112",
214,tensorflow\tensorflow\python\keras\metrics_correctness_test.py,custom_generator_multi_io,48,66,66,
215,tensorflow\tensorflow\python\keras\metrics_correctness_test.py,_custom_generator,365,378,378,
216,tensorflow\tensorflow\python\distribute\coordinator\metric_utils.py,monitored_timer,61,76,"64, 70",
217,tensorflow\tensorflow\python\ops\math_ops_test.py,fn,439,441,"440,441",
218,tensorflow\tensorflow\python\data\experimental\kernel_tests\make_csv_dataset_test.py,_next_expected_batch,64,75,"72,75",
219,tensorflow\tensorflow\lite\python\lite_test.py,calibration_gen,334,339,336,
220,tensorflow\tensorflow\lite\python\lite_test.py,calibration_gen,871,873,873,
221,tensorflow\tensorflow\python\compiler\xla\jit.py,experimental_jit_scope,42,160,157,
222,tensorflow\tensorflow\python\framework\importer.py,_MaybeDevice,77,83,"81,83",
223,tensorflow\tensorflow\python\ops\gradients_util.py,_maybe_colocate_with,294,300,"298, 300",
224,tensorflow\tensorflow\python\distribute\distribution_strategy_context.py,enter_or_assert_strategy,275,281,"278,281",
225,tensorflow\tensorflow\python\ops\distributions\distribution.py,_name_scope,1232,1237,1237,
226,tensorflow\tensorflow\python\distribute\distribute_lib.py,_scale_loss_for_estimator_enabled,807,818,816,
227,tensorflow\tensorflow\python\keras\utils\data_utils_test.py,create_generator_from_sequence_threads,117,119,119,
228,tensorflow\tensorflow\python\keras\utils\data_utils_test.py,create_generator_from_sequence_pcs,122,124,124,
229,tensorflow\tensorflow\python\ops\critical_section_ops.py,_push_critical_section_stack,89,122,116,
230,tensorflow\tensorflow\python\distribute\coordinator\cluster_coordinator.py,wait_on_failure,644,684,661,
231,tensorflow\tensorflow\python\distribute\coordinator\cluster_coordinator.py,handle_parameter_server_failure,1296,1305,1298,
232,tensorflow\tensorflow\python\training\checkpoint_management_test.py,tempWorkingDir,48,54,52,
233,tensorflow\tensorflow\python\training\checkpoint_management_test.py,tempDir,58,63,61,
234,tensorflow\tensorflow\python\ops\distributions\bijector_impl.py,_name_scope,1000,1005,1005,
235,tensorflow\tensorflow\python\training\tracking\base.py,no_manual_dependency_tracking_scope,527,555,553,
236,tensorflow\tensorflow\python\training\tracking\base.py,no_automatic_dependency_tracking_scope,559,587,585,
237,tensorflow\tensorflow\python\data\experimental\kernel_tests\auto_shard_dataset_test.py,chunk,46,48,48,
238,tensorflow\tensorflow\python\data\experimental\kernel_tests\auto_shard_dataset_test.py,batch,112,115,,
239,tensorflow\tensorflow\python\framework\auto_control_deps.py,_get_resource_inputs,532,554,"552,554",
240,tensorflow\tensorflow\compiler\xla\python\xla_client.py,tracebacks,692,699,697,
241,tensorflow\tensorflow\python\compiler\xla\xla.py,_disable_summary_context,544,560,558,
242,tensorflow\tensorflow\python\keras\saving\saved_model\utils.py,keras_option_scope,263,269,267,
243,tensorflow\tensorflow\lite\python\util_test.py,representative_dataset_gen,272,285,274,
244,tensorflow\tensorflow\lite\schema\upgrade_schema.py,TemporaryDirectoryResource,57,62,60,
245,tensorflow\tensorflow\python\keras\engine\training_utils_v1.py,as_dict,1784,1787,1787,
246,tensorflow\tensorflow\python\keras\engine\training_generator_v1.py,_gen,474,485,485,
247,tensorflow\tensorflow\python\keras\engine\training_dataset_test.py,gen,516,519,518,
248,tensorflow\tensorflow\python\training\tracking\tracking.py,resource_tracker_scope,159,184,182,
249,tensorflow\tensorflow\python\tpu\tpu_function.py,tpu_shard_context,47,60,58,
250,tensorflow\tensorflow\lite\testing\toco_convert.py,representative_dataset_gen,135,137,137,
251,tensorflow\tensorflow\python\compiler\tensorrt\test\tf_trt_integration_test_base.py,_BuildInFn,516,518,518,
252,tensorflow\tensorflow\python\util\tf_should_use_test.py,reroute_error,36,39,39,
253,tensorflow\tensorflow\python\framework\tensor_util_test.py,disableSetStaticShape,1197,1203,1201,
254,tensorflow\tensorflow\python\keras\tests\temporal_sample_weights_correctness_test.py,custom_generator_multi_io_temporal,107,130,130,
255,tensorflow\tensorflow\python\ops\template.py,as_default,500,536,503,
256,tensorflow\tensorflow\python\eager\tape.py,stop_recording,155,164,161,
257,tensorflow\tensorflow\python\framework\subscribe.py,_preserve_control_flow_context,261,288,285,
258,tensorflow\tensorflow\tools\pip_package\setup.py,find_files,253,257,257,
259,tensorflow\tensorflow\python\client\session.py,_generator,428,430,430,
260,tensorflow\tensorflow\python\distribute\parallel_device\saving.py,independent_buffers,125,139,139,
261,tensorflow\tensorflow\python\keras\saving\saved_model\saved_model_test.py,nullcontextmanager,725,726,726,
262,tensorflow\tensorflow\python\tools\saved_model_cli_test.py,captured_output,50,57,55,
263,tensorflow\tensorflow\python\saved_model\save_context.py,save_context,53,60,58,
264,tensorflow\tensorflow\python\compiler\tensorrt\model_tests\run_models.py,trt_converter_params_updater,150,157,155,
265,tensorflow\tensorflow\python\profiler\profile_context.py,_new_step,312,319,314,
266,tensorflow\tensorflow\python\debug\cli\profile_analyzer_cli.py,profile_data_generator,463,474,467,
267,tensorflow\tensorflow\python\profiler\pprof_profiler.py,profile_data_generator,377,384,381,
268,tensorflow\tensorflow\python\kernel_tests\pooling_ops_test.py,GetShrunkInceptionMaxPoolShapes,86,110,110,
269,tensorflow\tensorflow\python\keras\mixed_precision\policy.py,policy_scope,530,544,542,
270,tensorflow\tensorflow\python\keras\distribute\parameter_server_training_test.py,feature_and_label_gen,124,128,128,
271,tensorflow\tensorflow\python\data\experimental\kernel_tests\parallel_interleave_test.py,_interleave,86,117,113,
272,tensorflow\tensorflow\python\data\kernel_tests\padded_batch_test.py,generator,178,183,183,
273,tensorflow\tensorflow\python\ops\numpy_ops\np_arrays.py,__iter__,272,278,277,
274,tensorflow\tensorflow\python\keras\engine\node.py,iterate_inbound,133,144,144,
275,tensorflow\tensorflow\python\keras\integration_test\multi_worker_tutorial_test.py,skip_fetch_failure_exception,65,76,67,
276,tensorflow\tensorflow\lite\tools\optimize\python\modify_model_interface_lib_test.py,representative_dataset_gen,45,47,47,
277,tensorflow\tensorflow\python\compiler\tensorrt\model_tests\model_handler.py,gets_calibration_input,530,532,532,
278,tensorflow\tensorflow\lite\testing\model_coverage\model_coverage_lib.py,representative_dataset_gen,107,117,110,
279,tensorflow\tensorflow\python\profiler\internal\model_analyzer_testlib.py,ProfilerFromFile,106,111,110,
280,tensorflow\tensorflow\lite\tutorials\mnist_tflite.py,test_image_generator,35,44,42,
281,tensorflow\tensorflow\python\data\experimental\benchmarks\map_vectorization_benchmark.py,_default_dataset_factory,180,183,183,
282,tensorflow\tensorflow\python\keras\saving\saved_model\load_context.py,load_context,46,51,49,
283,tensorflow\tensorflow\python\kernel_tests\linalg\linear_operator_toeplitz_test.py,_constrain_devices_and_set_default,47,51,51,
284,tensorflow\tensorflow\python\ops\linalg\linear_operator.py,_name_scope,242,248,248,
285,tensorflow\tensorflow\python\keras\utils\layer_utils.py,filter_empty_layer_containers,478,495,489,
286,tensorflow\tensorflow\python\training\tracking\layer_utils.py,filter_empty_layer_containers,141,158,152,
287,tensorflow\tensorflow\python\data\kernel_tests\iterator_test.py,g,348,350,350,
288,tensorflow\tensorflow\python\data\kernel_tests\interleave_test.py,_interleave,38,89,85,
289,tensorflow\tensorflow\python\keras\layers\preprocessing\integer_lookup_test.py,word_gen,285,287,287,
290,tensorflow\tensorflow\python\keras\layers\preprocessing\index_lookup_test.py,word_gen,580,582,582,
291,tensorflow\tensorflow\python\keras\layers\preprocessing\benchmarks\index_lookup_adapt_benchmark.py,word_gen,42,44,44,
292,tensorflow\tensorflow\python\ops\image_ops_test.py,generator,1491,1494,1494,
293,tensorflow\tensorflow\python\ops\image_grad_test_base.py,_itGen,119,131,131,
294,tensorflow\tensorflow\python\keras\layers\preprocessing\benchmarks\hashing_benchmark.py,word_gen,42,44,44,
295,tensorflow\tensorflow\python\keras\utils\generic_utils.py,skip_failed_serialization,189,196,194,
296,tensorflow\tensorflow\lite\micro\testing\generate_test_models.py,representative_dataset_gen,58,60,60,
297,tensorflow\tensorflow\python\framework\function_test.py,_OptimizerOptions,58,87,87,
298,tensorflow\tensorflow\python\framework\func_graph.py,inner_cm,371,424,414,
299,tensorflow\tensorflow\python\eager\forwardprop_util.py,push_forwardprop_state,61,78,76,
300,tensorflow\tensorflow\python\keras\distribute\distributed_training_utils_v1.py,distributed_scope,1088,1090,1090,
301,tensorflow\tensorflow\python\distribute\distribute_coordinator_test.py,_test_session,190,194,194,
302,tensorflow\tensorflow\python\util\deprecation.py,silence,638,644,643,
303,tensorflow\tensorflow\python\grappler\datasets_test.py,generator,102,103,103,
304,tensorflow\tensorflow\python\tpu\datasets_test.py,my_generator,175,176,176,
305,tensorflow\tensorflow\python\keras\preprocessing\dataset_utils.py,iter_valid_files,133,138,138,
306,tensorflow\tensorflow\python\data\kernel_tests\dataset_test.py,gen,104,105,105,
307,tensorflow\tensorflow\python\data\experimental\kernel_tests\copy_to_device_test.py,generator,286,288,288,
308,tensorflow\tensorflow\python\training\coordinator.py,stop_on_exception,266,299,297,
309,tensorflow\tensorflow\python\autograph\core\converter_testing.py,assertPrints,110,117,114,
310,tensorflow\tensorflow\python\keras\utils\conv_utils.py,conv_kernel_idxs,293,384,384,
311,tensorflow\tensorflow\python\kernel_tests\conv_ops_test.py,GetShrunkInceptionShapes,53,148,148,
312,tensorflow\tensorflow\python\ops\control_flow_util_v2.py,clear_control_inputs,222,238,237,
313,tensorflow\tensorflow\python\framework\experimental\context_stack.py,set_default,34,40,38,
314,tensorflow\tensorflow\python\autograph\utils\context_managers.py,control_dependency_handle,38,49,44,
315,tensorflow\tensorflow\python\compat\compat.py,forward_compatibility_horizon,131,172,170,
316,tensorflow\tensorflow\python\distribute\coordinator\cluster_coordinator_test.py,_assert_raises_usage_error,700,707,707,
317,tensorflow\tensorflow\python\grappler\cluster.py,Provision,115,122,121,
318,tensorflow\tensorflow\python\tpu\client\client.py,_environment_var_to_network_endpoints,86,100,97,
319,tensorflow\tensorflow\python\keras\layers\preprocessing\benchmarks\category_crossing_benchmark.py,int_gen,40,42,42,
320,tensorflow\tensorflow\python\tpu\bfloat16.py,bfloat16_scope,75,92,92,
321,tensorflow\tensorflow\python\keras\legacy_tf_layers\base.py,keras_style_scope,49,113,111,
322,tensorflow\tensorflow\python\eager\backprop.py,stop_recording,907,936,934,
323,tensorflow\tensorflow\python\kernel_tests\atrous_convolution_test.py,_delay_checks,64,96,92,
324,tensorflow\tensorflow\python\autograph\pyct\ast_util.py,parallel_walk,283,348,317,
325,tensorflow\tensorflow\python\autograph\impl\api_test.py,assertPrints,73,81,77,
